year,gender,given_name,rank,count,source
109,M,承恩,1,0,MOI/新聞年榜種子
109,M,宥廷,2,0,MOI/新聞年榜種子
109,M,品睿,3,0,MOI/新聞年榜種子
109,M,宇恩,4,0,MOI/新聞年榜種子
109,M,柏睿,5,0,MOI/新聞年榜種子
109,M,宥辰,6,0,MOI/新聞年榜種子
109,M,承祐,7,0,MOI/新聞年榜種子
109,M,宥翔,8,0,MOI/新聞年榜種子
109,M,品辰,9,0,MOI/新聞年榜種子
109,M,子睿,10,0,MOI/新聞年榜種子
109,F,品妍,1,0,MOI/新聞年榜種子
109,F,子晴,2,0,MOI/新聞年榜種子
109,F,詠晴,3,0,MOI/新聞年榜種子
109,F,雨菲,4,0,MOI/新聞年榜種子
109,F,苡菲,5,0,MOI/新聞年榜種子
109,F,語彤,6,0,MOI/新聞年榜種子
109,F,芯語,7,0,MOI/新聞年榜種子
109,F,詩涵,8,0,MOI/新聞年榜種子
109,F,宜蓁,9,0,MOI/新聞年榜種子
109,F,品妤,10,0,MOI/新聞年榜種子
110,M,恩碩,1,0,MOI112姓名統計／新聞
110,M,宥廷,2,0,MOI112姓名統計／新聞
110,M,子睿,3,0,MOI112姓名統計／新聞
110,M,承恩,4,0,MOI112姓名統計／新聞
110,M,品睿,5,0,MOI112姓名統計／新聞
110,M,宇恩,6,0,MOI112姓名統計／新聞
110,M,柏睿,7,0,MOI112姓名統計／新聞
110,M,宥辰,8,0,MOI112姓名統計／新聞
110,M,承祐,9,0,MOI112姓名統計／新聞
110,M,昊恩,10,0,MOI112姓名統計／新聞
110,F,品妍,1,0,MOI112姓名統計／新聞
110,F,苡菲,2,0,MOI112姓名統計／新聞
110,F,雨霏,3,0,MOI112姓名統計／新聞
110,F,子晴,4,0,MOI112姓名統計／新聞
110,F,詠晴,5,0,MOI112姓名統計／新聞
110,F,語彤,6,0,MOI112姓名統計／新聞
110,F,芯語,7,0,MOI112姓名統計／新聞
110,F,詩涵,8,0,MOI112姓名統計／新聞
110,F,宜蓁,9,0,MOI112姓名統計／新聞
110,F,品妤,10,0,MOI112姓名統計／新聞
111,M,恩碩,1,0,新聞年榜種子
111,M,宥廷,2,0,新聞年榜種子
111,M,承恩,3,0,新聞年榜種子
111,M,子睿,4,0,新聞年榜種子
111,M,品睿,5,0,新聞年榜種子
111,M,宇恩,6,0,新聞年榜種子
111,M,柏睿,7,0,新聞年榜種子
111,M,昊恩,8,0,新聞年榜種子
111,M,宥辰,9,0,新聞年榜種子
111,M,承祐,10,0,新聞年榜種子
111,F,品妍,1,0,新聞年榜種子
111,F,苡菲,2,0,新聞年榜種子
111,F,雨霏,3,0,新聞年榜種子
111,F,子晴,4,0,新聞年榜種子
111,F,詠晴,5,0,新聞年榜種子
111,F,語彤,6,0,新聞年榜種子
111,F,芯語,7,0,新聞年榜種子
111,F,詩涵,8,0,新聞年榜種子
111,F,品妤,9,0,新聞年榜種子
111,F,宜蓁,10,0,新聞年榜種子
112,M,恩碩,1,0,MOI112／新聞
112,M,宥廷,2,0,MOI112／新聞
112,M,承恩,3,0,MOI112／新聞
112,M,子睿,4,0,MOI112／新聞
112,M,品睿,5,0,MOI112／新聞
112,M,宇恩,6,0,MOI112／新聞
112,M,柏睿,7,0,MOI112／新聞
112,M,昊恩,8,0,MOI112／新聞
112,M,宥翔,9,0,MOI112／新聞
112,M,承祐,10,0,MOI112／新聞
112,F,品妍,1,0,MOI112／新聞
112,F,苡菲,2,0,MOI112／新聞
112,F,雨霏,3,0,MOI112／新聞
112,F,子晴,4,0,MOI112／新聞
112,F,詠晴,5,0,MOI112／新聞
112,F,語彤,6,0,MOI112／新聞
112,F,芯語,7,0,MOI112／新聞
112,F,詩涵,8,0,MOI112／新聞
112,F,品妤,9,0,MOI112／新聞
112,F,宜蓁,10,0,MOI112／新聞
113,M,恩碩,1,0,延續種子（請匯入最新戶政年榜）
113,M,宥廷,2,0,延續種子（請匯入最新戶政年榜）
113,M,承恩,3,0,延續種子（請匯入最新戶政年榜）
113,M,子睿,4,0,延續種子（請匯入最新戶政年榜）
113,M,品睿,5,0,延續種子（請匯入最新戶政年榜）
113,M,宇恩,6,0,延續種子（請匯入最新戶政年榜）
113,M,柏睿,7,0,延續種子（請匯入最新戶政年榜）
113,M,昊恩,8,0,延續種子（請匯入最新戶政年榜）
113,M,宥翔,9,0,延續種子（請匯入最新戶政年榜）
113,M,承祐,10,0,延續種子（請匯入最新戶政年榜）
113,F,品妍,1,0,延續種子（請匯入最新戶政年榜）
113,F,苡菲,2,0,延續種子（請匯入最新戶政年榜）
113,F,雨霏,3,0,延續種子（請匯入最新戶政年榜）
113,F,子晴,4,0,延續種子（請匯入最新戶政年榜）
113,F,詠晴,5,0,延續種子（請匯入最新戶政年榜）
113,F,語彤,6,0,延續種子（請匯入最新戶政年榜）
113,F,芯語,7,0,延續種子（請匯入最新戶政年榜）
113,F,詩涵,8,0,延續種子（請匯入最新戶政年榜）
113,F,品妤,9,0,延續種子（請匯入最新戶政年榜）
113,F,宜蓁,10,0,延續種子（請匯入最新戶政年榜）
